frame,condition,region,pixel_frac,mean_w,min_w,frac_w_lt_0p99,frac_w_lt_0p95,frac_w_lt_0p90,mean_abs_st_minus_mono
0038:0001,clean,all,1.0,0.9997509121894836,0.9953122138977051,0.0,0.0,0.0,11.967174530029297
0038:0001,clean,valid,1.0,0.9997509121894836,0.9953122138977051,0.0,0.0,0.0,11.967174530029297
0038:0001,clean,sky,0.5084442515432098,0.9996559619903564,0.9953122138977051,0.0,0.0,0.0,8.502399444580078
0038:0001,clean,nonsky,0.4915557484567901,0.9998492002487183,0.9955999255180359,0.0,0.0,0.0,15.55099868774414
0038:0001,clean,textureless,0.17238136574074073,0.9994390606880188,0.9953122138977051,0.0,0.0,0.0,14.25194263458252
0038:0001,clean,textured,0.8276186342592593,0.9998156428337097,0.9954888820648193,0.0,0.0,0.0,11.491289138793945
0038:0001,fog,all,1.0,0.9987565279006958,0.9932578802108765,0.0,0.0,0.0,43.02741241455078
0038:0001,fog,valid,1.0,0.9987565279006958,0.9932578802108765,0.0,0.0,0.0,43.02741241455078
0038:0001,fog,sky,0.5084442515432098,0.9983354210853577,0.9932578802108765,0.0,0.0,0.0,71.89855194091797
0038:0001,fog,nonsky,0.4915557484567901,0.9991917610168457,0.9934386610984802,0.0,0.0,0.0,13.164401054382324
0038:0001,fog,textureless,0.6424213927469136,0.9982144236564636,0.9932578802108765,0.0,0.0,0.0,61.105743408203125
0038:0001,fog,textured,0.35757860725308643,0.9997297525405884,0.9944424033164978,0.0,0.0,0.0,10.548174858093262
0038:0001,frost,all,1.0,0.9997958540916443,0.9960551857948303,0.0,0.0,0.0,21.154497146606445
0038:0001,frost,valid,1.0,0.9997958540916443,0.9960551857948303,0.0,0.0,0.0,21.154497146606445
0038:0001,frost,sky,0.5084442515432098,0.9997455477714539,0.9960551857948303,0.0,0.0,0.0,23.085712432861328
0038:0001,frost,nonsky,0.4915557484567901,0.9998477101325989,0.9974821209907532,0.0,0.0,0.0,19.156940460205078
0038:0001,frost,textureless,0.0005160108024691358,0.9997919201850891,0.9983817934989929,0.0,0.0,0.0,15.738189697265625
0038:0001,frost,textured,0.9994839891975309,0.9997954368591309,0.9960551857948303,0.0,0.0,0.0,21.15729331970215
0038:0001,snow,all,1.0,0.9993497133255005,0.9953453540802002,0.0,0.0,0.0,6.320664405822754
0038:0001,snow,valid,1.0,0.9993497133255005,0.9953453540802002,0.0,0.0,0.0,6.320664405822754
0038:0001,snow,sky,0.5084442515432098,0.9990569949150085,0.9953453540802002,0.0,0.0,0.0,4.369795799255371
0038:0001,snow,nonsky,0.4915557484567901,0.9996522665023804,0.9969795346260071,0.0,0.0,0.0,8.338561058044434
0038:0001,snow,textureless,0.0021223958333333333,0.9992398023605347,0.9973669052124023,0.0,0.0,0.0,2.280381441116333
0038:0001,snow,textured,0.9978776041666667,0.9993501305580139,0.9953453540802002,0.0,0.0,0.0,6.329258441925049
0038:0024,clean,all,1.0,0.9997156858444214,0.9947652220726013,0.0,0.0,0.0,11.048741340637207
0038:0024,clean,valid,1.0,0.9997156858444214,0.9947652220726013,0.0,0.0,0.0,11.048741340637207
0038:0024,clean,sky,0.49019483024691357,0.9995877742767334,0.9947652220726013,0.0,0.0,0.0,6.170607566833496
0038:0024,clean,nonsky,0.5098051697530864,0.9998385906219482,0.9948468208312988,0.0,0.0,0.0,15.739230155944824
0038:0024,clean,textureless,0.16360001929012347,0.9993636608123779,0.9950201511383057,0.0,0.0,0.0,9.503494262695312
0038:0024,clean,textured,0.8363999807098765,0.9997842907905579,0.9947652220726013,0.0,0.0,0.0,11.350995063781738
0038:0024,fog,all,1.0,0.9990723133087158,0.994091272354126,0.0,0.0,0.0,17.987930297851562
0038:0024,fog,valid,1.0,0.9990723133087158,0.994091272354126,0.0,0.0,0.0,17.987930297851562
0038:0024,fog,sky,0.49019483024691357,0.9985794425010681,0.994091272354126,0.0,0.0,0.0,22.48023796081543
0038:0024,fog,nonsky,0.5098051697530864,0.999545693397522,0.9942203760147095,0.0,0.0,0.0,13.668417930603027
0038:0024,fog,textureless,0.6258174189814815,0.9987011551856995,0.9941436648368835,0.0,0.0,0.0,20.951128005981445
0038:0024,fog,textured,0.37418258101851853,0.9996925592422485,0.994091272354126,0.0,0.0,0.0,13.031997680664062
0038:0024,frost,all,1.0,0.9997200965881348,0.9969561100006104,0.0,0.0,0.0,13.576862335205078
0038:0024,frost,valid,1.0,0.9997200965881348,0.9969561100006104,0.0,0.0,0.0,13.576862335205078
0038:0024,frost,sky,0.49019483024691357,0.9996154308319092,0.9969561100006104,0.0,0.0,0.0,12.458403587341309
0038:0024,frost,nonsky,0.5098051697530864,0.9998210072517395,0.997599184513092,0.0,0.0,0.0,14.652298927307129
0038:0024,frost,textureless,0.06337384259259259,0.9995198845863342,0.9974608421325684,0.0,0.0,0.0,4.16501522064209
0038:0024,frost,textured,0.9366261574074074,0.9997339248657227,0.9969561100006104,0.0,0.0,0.0,14.213692665100098
0038:0024,snow,all,1.0,0.9993547201156616,0.9969541430473328,0.0,0.0,0.0,6.872062683105469
0038:0024,snow,valid,1.0,0.9993547201156616,0.9969541430473328,0.0,0.0,0.0,6.872062683105469
0038:0024,snow,sky,0.49019483024691357,0.9990226030349731,0.9969541430473328,0.0,0.0,0.0,3.7894983291625977
0038:0024,snow,nonsky,0.5098051697530864,0.9996746182441711,0.9975001811981201,0.0,0.0,0.0,9.836043357849121
0038:0024,snow,textureless,0.0027483603395061728,0.9993264079093933,0.9976827502250671,0.0,0.0,0.0,3.319864511489868
0038:0024,snow,textured,0.9972516396604938,0.9993550181388855,0.9969541430473328,0.0,0.0,0.0,6.881847858428955
0038:0048,clean,all,1.0,0.9996899366378784,0.9949170351028442,0.0,0.0,0.0,9.729098320007324
0038:0048,clean,valid,1.0,0.9996899366378784,0.9949170351028442,0.0,0.0,0.0,9.729098320007324
0038:0048,clean,sky,0.4705931712962963,0.9995405077934265,0.9949170351028442,0.0,0.0,0.0,4.592589855194092
0038:0048,clean,nonsky,0.5294068287037037,0.9998227953910828,0.9962127208709717,0.0,0.0,0.0,14.294971466064453
0038:0048,clean,textureless,0.16639564043209876,0.999316930770874,0.9952402710914612,0.0,0.0,0.0,6.328696250915527
0038:0048,clean,textured,0.8336043595679012,0.9997643828392029,0.9949170351028442,0.0,0.0,0.0,10.407852172851562
0038:0048,fog,all,1.0,0.9991663098335266,0.9941341280937195,0.0,0.0,0.0,18.389225006103516
0038:0048,fog,valid,1.0,0.9991663098335266,0.9941341280937195,0.0,0.0,0.0,18.389225006103516
0038:0048,fog,sky,0.4705931712962963,0.9987314343452454,0.9941341280937195,0.0,0.0,0.0,30.065332412719727
0038:0048,fog,nonsky,0.5294068287037037,0.9995520710945129,0.9943617582321167,0.0,0.0,0.0,8.010244369506836
0038:0048,fog,textureless,0.640191936728395,0.9988434910774231,0.9941461682319641,0.0,0.0,0.0,23.354936599731445
0038:0048,fog,textured,0.3598080632716049,0.9997392892837524,0.9941341280937195,0.0,0.0,0.0,9.553918838500977
0038:0048,frost,all,1.0,0.9996874332427979,0.9975311756134033,0.0,0.0,0.0,10.954788208007812
0038:0048,frost,valid,1.0,0.9996874332427979,0.9975311756134033,0.0,0.0,0.0,10.954788208007812
0038:0048,frost,sky,0.4705931712962963,0.9995559453964233,0.9975311756134033,0.0,0.0,0.0,8.423961639404297
0038:0048,frost,nonsky,0.5294068287037037,0.9998042583465576,0.9976288676261902,0.0,0.0,0.0,13.204450607299805
0038:0048,frost,textureless,0.07614052854938272,0.9994937777519226,0.9976339340209961,0.0,0.0,0.0,2.4199864864349365
0038:0048,frost,textured,0.9238594714506173,0.9997033476829529,0.9975311756134033,0.0,0.0,0.0,11.658188819885254
0038:0048,snow,all,1.0,0.9992884993553162,0.9958234429359436,0.0,0.0,0.0,5.719635486602783
0038:0048,snow,valid,1.0,0.9992884993553162,0.9958234429359436,0.0,0.0,0.0,5.719635486602783
0038:0048,snow,sky,0.4705931712962963,0.9989392161369324,0.9958234429359436,0.0,0.0,0.0,3.1258206367492676
0038:0048,snow,nonsky,0.5294068287037037,0.9995988607406616,0.9969677329063416,0.0,0.0,0.0,8.02529525756836
0038:0048,snow,textureless,0.002400655864197531,0.9993594884872437,0.9977167248725891,0.0,0.0,0.0,2.8793342113494873
0038:0048,snow,textured,0.9975993441358024,0.9992882609367371,0.9958234429359436,0.0,0.0,0.0,5.726473331451416
0038:0072,clean,all,1.0,0.999629557132721,0.9948716759681702,0.0,0.0,0.0,7.423672676086426
0038:0072,clean,valid,1.0,0.999629557132721,0.9948716759681702,0.0,0.0,0.0,7.423672676086426
0038:0072,clean,sky,0.5145336612654321,0.9994825124740601,0.9948716759681702,0.0,0.0,0.0,2.3806283473968506
0038:0072,clean,nonsky,0.4854663387345679,0.999785840511322,0.9951308369636536,0.0,0.0,0.0,12.768671035766602
0038:0072,clean,textureless,0.2218330439814815,0.9992736577987671,0.9958630800247192,0.0,0.0,0.0,1.8907709121704102
0038:0072,clean,textured,0.7781669560185185,0.999731183052063,0.9948716759681702,0.0,0.0,0.0,9.000946998596191
0038:0072,fog,all,1.0,0.9987387657165527,0.9932586550712585,0.0,0.0,0.0,15.801570892333984
0038:0072,fog,valid,1.0,0.9987387657165527,0.9932586550712585,0.0,0.0,0.0,15.801570892333984
0038:0072,fog,sky,0.5145336612654321,0.9981021881103516,0.9932586550712585,0.0,0.0,0.0,23.786420822143555
0038:0072,fog,nonsky,0.4854663387345679,0.9994134306907654,0.9933243989944458,0.0,0.0,0.0,7.338643550872803
0038:0072,fog,textureless,0.7005068479938271,0.9983488917350769,0.9932586550712585,0.0,0.0,0.0,18.235862731933594
0038:0072,fog,textured,0.2994931520061728,0.9996497631072998,0.9940872192382812,0.0,0.0,0.0,10.10782241821289
0038:0072,frost,all,1.0,0.9993376135826111,0.996734082698822,0.0,0.0,0.0,5.384087562561035
0038:0072,frost,valid,1.0,0.9993376135826111,0.996734082698822,0.0,0.0,0.0,5.384087562561035
0038:0072,frost,sky,0.5145336612654321,0.9991765022277832,0.9967544078826904,0.0,0.0,0.0,3.301565408706665
0038:0072,frost,nonsky,0.4854663387345679,0.9995077848434448,0.996734082698822,0.0,0.0,0.0,7.591300010681152
0038:0072,frost,textureless,0.00038773148148148147,0.9989799857139587,0.9973406791687012,0.0,0.0,0.0,1.81485915184021
0038:0072,frost,textured,0.9996122685185185,0.9993377327919006,0.996734082698822,0.0,0.0,0.0,5.385473251342773
0038:0072,snow,all,1.0,0.9991570115089417,0.9963908195495605,0.0,0.0,0.0,5.486354351043701
0038:0072,snow,valid,1.0,0.9991570115089417,0.9963908195495605,0.0,0.0,0.0,5.486354351043701
0038:0072,snow,sky,0.5145336612654321,0.9988086223602295,0.9963908195495605,0.0,0.0,0.0,2.346646308898926
0038:0072,snow,nonsky,0.4854663387345679,0.9995275735855103,0.9966991543769836,0.0,0.0,0.0,8.814053535461426
0038:0072,snow,textureless,0.0035300925925925925,0.9991340637207031,0.9974741339683533,0.0,0.0,0.0,2.2990779876708984
0038:0072,snow,textured,0.9964699074074074,0.9991576671600342,0.9963908195495605,0.0,0.0,0.0,5.497645854949951
0038:0096,clean,all,1.0,0.9994625449180603,0.9951660633087158,0.0,0.0,0.0,7.14908504486084
0038:0096,clean,valid,1.0,0.9994625449180603,0.9951660633087158,0.0,0.0,0.0,7.14908504486084
0038:0096,clean,sky,0.6210913387345679,0.9992647767066956,0.9951660633087158,0.0,0.0,0.0,1.9675567150115967
0038:0096,clean,nonsky,0.3789086612654321,0.9997872710227966,0.9952297210693359,0.0,0.0,0.0,15.642424583435059
0038:0096,clean,textureless,0.33101176697530865,0.9989452958106995,0.9953778982162476,0.0,0.0,0.0,1.2359174489974976
0038:0096,clean,textured,0.6689882330246913,0.9997187852859497,0.9951660633087158,0.0,0.0,0.0,10.074888229370117
0038:0096,fog,all,1.0,0.9990009069442749,0.993484616279602,0.0,0.0,0.0,6.986584186553955
0038:0096,fog,valid,1.0,0.9990009069442749,0.993484616279602,0.0,0.0,0.0,6.986584186553955
0038:0096,fog,sky,0.6210913387345679,0.9986039400100708,0.993484616279602,0.0,0.0,0.0,6.608343124389648
0038:0096,fog,nonsky,0.3789086612654321,0.9996518492698669,0.994800865650177,0.0,0.0,0.0,7.60658073425293
0038:0096,fog,textureless,0.5416671489197531,0.9986981153488159,0.9936364889144897,0.0,0.0,0.0,7.7613348960876465
0038:0096,fog,textured,0.4583328510802469,0.9993585348129272,0.993484616279602,0.0,0.0,0.0,6.070965766906738
0038:0096,frost,all,1.0,0.9995095729827881,0.9966792464256287,0.0,0.0,0.0,9.863700866699219
0038:0096,frost,valid,1.0,0.9995095729827881,0.9966792464256287,0.0,0.0,0.0,9.863700866699219
0038:0096,frost,sky,0.6210913387345679,0.9993378520011902,0.9966792464256287,0.0,0.0,0.0,6.1727471351623535
0038:0096,frost,nonsky,0.3789086612654321,0.9997918009757996,0.997336745262146,0.0,0.0,0.0,15.913747787475586
0038:0096,frost,textureless,0.1952170138888889,0.999169647693634,0.9968255162239075,0.0,0.0,0.0,4.235625743865967
0038:0096,frost,textured,0.8047829861111111,0.9995923638343811,0.9966792464256287,0.0,0.0,0.0,11.228900909423828
0038:0096,snow,all,1.0,0.9989824891090393,0.9963233470916748,0.0,0.0,0.0,4.4032511711120605
0038:0096,snow,valid,1.0,0.9989824891090393,0.9963233470916748,0.0,0.0,0.0,4.4032511711120605
0038:0096,snow,sky,0.6210913387345679,0.9986969232559204,0.9963233470916748,0.0,0.0,0.0,2.0272109508514404
0038:0096,snow,nonsky,0.3789086612654321,0.9994505047798157,0.9968354105949402,0.0,0.0,0.0,8.297957420349121
0038:0096,snow,textureless,0.003977141203703704,0.9988376498222351,0.9968196153640747,0.0,0.0,0.0,1.7587826251983643
0038:0096,snow,textured,0.9960228587962963,0.9989827275276184,0.9963233470916748,0.0,0.0,0.0,4.413812160491943
0038:0120,clean,all,1.0,0.9994274377822876,0.9956337809562683,0.0,0.0,0.0,6.439414024353027
0038:0120,clean,valid,1.0,0.9994274377822876,0.9956337809562683,0.0,0.0,0.0,6.439414024353027
0038:0120,clean,sky,0.716412037037037,0.9992550611495972,0.9956337809562683,0.0,0.0,0.0,1.1346172094345093
0038:0120,clean,nonsky,0.28358796296296296,0.999862790107727,0.9957557916641235,0.0,0.0,0.0,19.84061622619629
0038:0120,clean,textureless,0.42702739197530865,0.9989491701126099,0.9957701563835144,0.0,0.0,0.0,0.21893499791622162
0038:0120,clean,textured,0.5729726080246914,0.9997836947441101,0.9956337809562683,0.0,0.0,0.0,11.075439453125
0038:0120,fog,all,1.0,0.9992031455039978,0.995465874671936,0.0,0.0,0.0,16.709924697875977
0038:0120,fog,valid,1.0,0.9992031455039978,0.995465874671936,0.0,0.0,0.0,16.709924697875977
0038:0120,fog,sky,0.716412037037037,0.9990067481994629,0.995465874671936,0.0,0.0,0.0,19.703031539916992
0038:0120,fog,nonsky,0.28358796296296296,0.9996992945671082,0.9956138730049133,0.0,0.0,0.0,9.148615837097168
0038:0120,fog,textureless,0.6251032021604939,0.9990523457527161,0.9957965016365051,0.0,0.0,0.0,22.73145294189453
0038:0120,fog,textured,0.3748967978395062,0.9994547963142395,0.995465874671936,0.0,0.0,0.0,6.669612884521484
0038:0120,frost,all,1.0,0.9994903802871704,0.9960960745811462,0.0,0.0,0.0,12.711048126220703
0038:0120,frost,valid,1.0,0.9994903802871704,0.9960960745811462,0.0,0.0,0.0,12.711048126220703
0038:0120,frost,sky,0.716412037037037,0.9993574023246765,0.9960960745811462,0.0,0.0,0.0,9.6542387008667
0038:0120,frost,nonsky,0.28358796296296296,0.9998257756233215,0.997454047203064,0.0,0.0,0.0,20.433307647705078
0038:0120,frost,textureless,0.19061583719135802,0.9992576837539673,0.9961340427398682,0.0,0.0,0.0,9.5828275680542
0038:0120,frost,textured,0.809384162808642,0.9995448589324951,0.9960960745811462,0.0,0.0,0.0,13.447772026062012
0038:0120,snow,all,1.0,0.9990479946136475,0.996197521686554,0.0,0.0,0.0,6.719433784484863
0038:0120,snow,valid,1.0,0.9990479946136475,0.996197521686554,0.0,0.0,0.0,6.719433784484863
0038:0120,snow,sky,0.716412037037037,0.9988519549369812,0.996197521686554,0.0,0.0,0.0,5.268062591552734
0038:0120,snow,nonsky,0.28358796296296296,0.999542772769928,0.9971129894256592,0.0,0.0,0.0,10.385948181152344
0038:0120,snow,textureless,0.0050419560185185185,0.9987689256668091,0.996232271194458,0.0,0.0,0.0,3.6186060905456543
0038:0120,snow,textured,0.9949580439814815,0.999049186706543,0.996197521686554,0.0,0.0,0.0,6.735146522521973
0038:0144,clean,all,1.0,0.9993371367454529,0.9960216283798218,0.0,0.0,0.0,5.43630313873291
0038:0144,clean,valid,1.0,0.9993371367454529,0.9960216283798218,0.0,0.0,0.0,5.43630313873291
0038:0144,clean,sky,0.7596527777777777,0.999172568321228,0.9960686564445496,0.0,0.0,0.0,0.8931638598442078
0038:0144,clean,nonsky,0.2403472222222222,0.9998559355735779,0.9960216283798218,0.0,0.0,0.0,19.795562744140625
0038:0144,clean,textureless,0.4870934606481481,0.9988473057746887,0.9960216283798218,0.0,0.0,0.0,0.1762319654226303
0038:0144,clean,textured,0.5129065393518518,0.9998021721839905,0.9962530732154846,0.0,0.0,0.0,10.43165111541748
0038:0144,fog,all,1.0,0.9987494349479675,0.9946112632751465,0.0,0.0,0.0,10.77254867553711
0038:0144,fog,valid,1.0,0.9987494349479675,0.9946112632751465,0.0,0.0,0.0,10.77254867553711
0038:0144,fog,sky,0.7596527777777777,0.9984443187713623,0.9946112632751465,0.0,0.0,0.0,11.507843017578125
0038:0144,fog,nonsky,0.2403472222222222,0.9997128844261169,0.9958657622337341,0.0,0.0,0.0,8.448527336120605
0038:0144,fog,textureless,0.6746339699074074,0.9984514713287354,0.9946112632751465,0.0,0.0,0.0,13.067389488220215
0038:0144,fog,textured,0.3253660300925926,0.9993671178817749,0.9948532581329346,0.0,0.0,0.0,6.014280319213867
0038:0144,frost,all,1.0,0.9995371103286743,0.9960282444953918,0.0,0.0,0.0,15.592533111572266
0038:0144,frost,valid,1.0,0.9995371103286743,0.9960282444953918,0.0,0.0,0.0,15.592533111572266
0038:0144,frost,sky,0.7596527777777777,0.9994511008262634,0.9960282444953918,0.0,0.0,0.0,14.619513511657715
0038:0144,frost,nonsky,0.2403472222222222,0.9998089075088501,0.996427595615387,0.0,0.0,0.0,18.667888641357422
0038:0144,frost,textureless,0.0011921296296296296,0.9986588358879089,0.9963427782058716,0.0,0.0,0.0,6.838774681091309
0038:0144,frost,textured,0.9988078703703703,0.9995386004447937,0.9960282444953918,0.0,0.0,0.0,15.60297679901123
0038:0144,snow,all,1.0,0.9986899495124817,0.9956507086753845,0.0,0.0,0.0,5.227867603302002
0038:0144,snow,valid,1.0,0.9986899495124817,0.9956507086753845,0.0,0.0,0.0,5.227867603302002
0038:0144,snow,sky,0.7596527777777777,0.9984431266784668,0.9956507086753845,0.0,0.0,0.0,4.090631484985352
0038:0144,snow,nonsky,0.2403472222222222,0.9994711875915527,0.9964925646781921,0.0,0.0,0.0,8.82226276397705
0038:0144,snow,textureless,0.004947434413580247,0.9985459446907043,0.9963244199752808,0.0,0.0,0.0,4.86531925201416
0038:0144,snow,textured,0.9950525655864197,0.9986905455589294,0.9956507086753845,0.0,0.0,0.0,5.229669570922852
0039:0001,clean,all,1.0,0.9998990297317505,0.9980058073997498,0.0,0.0,0.0,6.547486305236816
0039:0001,clean,valid,1.0,0.9998990297317505,0.9980058073997498,0.0,0.0,0.0,6.547486305236816
0039:0001,clean,nonsky,1.0,0.9998990297317505,0.9980058073997498,0.0,0.0,0.0,6.547486305236816
0039:0001,clean,textureless,0.004077449845679012,0.999989926815033,0.9995344281196594,0.0,0.0,0.0,13.215452194213867
0039:0001,clean,textured,0.995922550154321,0.9998982548713684,0.9980058073997498,0.0,0.0,0.0,6.520186901092529
0039:0001,fog,all,1.0,0.9998534917831421,0.9981423616409302,0.0,0.0,0.0,3.697457790374756
0039:0001,fog,valid,1.0,0.9998534917831421,0.9981423616409302,0.0,0.0,0.0,3.697457790374756
0039:0001,fog,nonsky,1.0,0.9998534917831421,0.9981423616409302,0.0,0.0,0.0,3.697457790374756
0039:0001,fog,textureless,0.18878327546296297,0.9999129772186279,0.9982060194015503,0.0,0.0,0.0,4.834473609924316
0039:0001,fog,textured,0.8112167245370371,0.9998395442962646,0.9981423616409302,0.0,0.0,0.0,3.432854652404785
0039:0001,frost,all,1.0,0.9998116493225098,0.9980661869049072,0.0,0.0,0.0,19.75410270690918
0039:0001,frost,valid,1.0,0.9998116493225098,0.9980661869049072,0.0,0.0,0.0,19.75410270690918
0039:0001,frost,nonsky,1.0,0.9998116493225098,0.9980661869049072,0.0,0.0,0.0,19.75410270690918
0039:0001,frost,textureless,0.010132619598765432,0.9996541738510132,0.9985169768333435,0.0,0.0,0.0,12.990457534790039
0039:0001,frost,textured,0.9898673804012346,0.9998127818107605,0.9980661869049072,0.0,0.0,0.0,19.823348999023438
0039:0001,snow,all,1.0,0.9994950294494629,0.9976553916931152,0.0,0.0,0.0,9.94184398651123
0039:0001,snow,valid,1.0,0.9994950294494629,0.9976553916931152,0.0,0.0,0.0,9.94184398651123
0039:0001,snow,nonsky,1.0,0.9994950294494629,0.9976553916931152,0.0,0.0,0.0,9.94184398651123
0039:0001,snow,textureless,6.26929012345679e-06,0.999232292175293,0.9992184042930603,0.0,0.0,0.0,1.2965744733810425
0039:0001,snow,textured,0.9999937307098765,0.9994949102401733,0.9976553916931152,0.0,0.0,0.0,9.94189453125
0039:0013,clean,all,1.0,0.9998962879180908,0.9978660345077515,0.0,0.0,0.0,6.593227863311768
0039:0013,clean,valid,1.0,0.9998962879180908,0.9978660345077515,0.0,0.0,0.0,6.593227863311768
0039:0013,clean,nonsky,1.0,0.9998962879180908,0.9978660345077515,0.0,0.0,0.0,6.593227863311768
0039:0013,clean,textureless,0.004143036265432099,0.9999895691871643,0.9995301961898804,0.0,0.0,0.0,17.48514175415039
0039:0013,clean,textured,0.9958569637345679,0.9998959898948669,0.9978660345077515,0.0,0.0,0.0,6.547911643981934
0039:0013,fog,all,1.0,0.999838650226593,0.9977754354476929,0.0,0.0,0.0,3.7437620162963867
0039:0013,fog,valid,1.0,0.999838650226593,0.9977754354476929,0.0,0.0,0.0,3.7437620162963867
0039:0013,fog,nonsky,1.0,0.999838650226593,0.9977754354476929,0.0,0.0,0.0,3.7437620162963867
0039:0013,fog,textureless,0.1856737075617284,0.999833881855011,0.9977754354476929,0.0,0.0,0.0,3.18574595451355
0039:0013,fog,textured,0.8143262924382716,0.9998400211334229,0.9980965256690979,0.0,0.0,0.0,3.8709959983825684
0039:0013,frost,all,1.0,0.9993504285812378,0.997934103012085,0.0,0.0,0.0,3.0352978706359863
0039:0013,frost,valid,1.0,0.9993504285812378,0.997934103012085,0.0,0.0,0.0,3.0352978706359863
0039:0013,frost,nonsky,1.0,0.9993504285812378,0.997934103012085,0.0,0.0,0.0,3.0352978706359863
0039:0013,frost,textureless,4.822530864197531e-06,0.9993847608566284,0.9993746280670166,0.0,0.0,0.0,3.7066407203674316
0039:0013,frost,textured,0.9999951774691358,0.9993504285812378,0.997934103012085,0.0,0.0,0.0,3.0352935791015625
0039:0013,snow,all,1.0,0.9995757341384888,0.9977477192878723,0.0,0.0,0.0,16.602853775024414
0039:0013,snow,valid,1.0,0.9995757341384888,0.9977477192878723,0.0,0.0,0.0,16.602853775024414
0039:0013,snow,nonsky,1.0,0.9995757341384888,0.9977477192878723,0.0,0.0,0.0,16.602853775024414
0039:0013,snow,textureless,7.2337962962962966e-06,0.9993986487388611,0.9993226528167725,0.0,0.0,0.0,1.34765625
0039:0013,snow,textured,0.9999927662037037,0.9995755553245544,0.9977477192878723,0.0,0.0,0.0,16.602954864501953
0039:0026,clean,all,1.0,0.9998989701271057,0.9981264472007751,0.0,0.0,0.0,6.0092878341674805
0039:0026,clean,valid,1.0,0.9998989701271057,0.9981264472007751,0.0,0.0,0.0,6.0092878341674805
0039:0026,clean,nonsky,1.0,0.9998989701271057,0.9981264472007751,0.0,0.0,0.0,6.0092878341674805
0039:0026,clean,textureless,0.004044174382716049,0.9999860525131226,0.9995675086975098,0.0,0.0,0.0,11.230350494384766
0039:0026,clean,textured,0.9959558256172839,0.9998986721038818,0.9981264472007751,0.0,0.0,0.0,5.988090991973877
0039:0026,fog,all,1.0,0.9998401403427124,0.9960005879402161,0.0,0.0,0.0,3.2117199897766113
0039:0026,fog,valid,1.0,0.9998401403427124,0.9960005879402161,0.0,0.0,0.0,3.2117199897766113
0039:0026,fog,nonsky,1.0,0.9998401403427124,0.9960005879402161,0.0,0.0,0.0,3.2117199897766113
0039:0026,fog,textureless,0.18461564429012345,0.9998307824134827,0.9960005879402161,0.0,0.0,0.0,2.664846181869507
0039:0026,fog,textured,0.8153843557098766,0.9998424053192139,0.9980449676513672,0.0,0.0,0.0,3.3355395793914795
0039:0026,frost,all,1.0,0.9999537467956543,0.998585045337677,0.0,0.0,0.0,37.77435302734375
0039:0026,frost,valid,1.0,0.9999537467956543,0.998585045337677,0.0,0.0,0.0,37.77435302734375
0039:0026,frost,nonsky,1.0,0.9999537467956543,0.998585045337677,0.0,0.0,0.0,37.77435302734375
0039:0026,frost,textured,1.0,0.9999537467956543,0.998585045337677,0.0,0.0,0.0,37.77435302734375
0039:0026,snow,all,1.0,0.9995449781417847,0.997898280620575,0.0,0.0,0.0,14.323172569274902
0039:0026,snow,valid,1.0,0.9995449781417847,0.997898280620575,0.0,0.0,0.0,14.323172569274902
0039:0026,snow,nonsky,1.0,0.9995449781417847,0.997898280620575,0.0,0.0,0.0,14.323172569274902
0039:0026,snow,textureless,5.787037037037037e-06,0.9990702271461487,0.9986788630485535,0.0,0.0,0.0,1.138671875
0039:0026,snow,textured,0.999994212962963,0.9995449185371399,0.997898280620575,0.0,0.0,0.0,14.323247909545898
0039:0038,clean,all,1.0,0.999901533126831,0.9980476498603821,0.0,0.0,0.0,6.180198669433594
0039:0038,clean,valid,1.0,0.999901533126831,0.9980476498603821,0.0,0.0,0.0,6.180198669433594
0039:0038,clean,nonsky,1.0,0.999901533126831,0.9980476498603821,0.0,0.0,0.0,6.180198669433594
0039:0038,clean,textureless,0.004167148919753086,0.9999909400939941,0.9994156360626221,0.0,0.0,0.0,11.341297149658203
0039:0038,clean,textured,0.9958328510802469,0.9999011158943176,0.9980476498603821,0.0,0.0,0.0,6.158601760864258
0039:0038,fog,all,1.0,0.999845564365387,0.9972216486930847,0.0,0.0,0.0,3.6085057258605957
0039:0038,fog,valid,1.0,0.999845564365387,0.9972216486930847,0.0,0.0,0.0,3.6085057258605957
0039:0038,fog,nonsky,1.0,0.999845564365387,0.9972216486930847,0.0,0.0,0.0,3.6085057258605957
0039:0038,fog,textureless,0.18334587191358026,0.9998614192008972,0.9972216486930847,0.0,0.0,0.0,3.2505335807800293
0039:0038,fog,textured,0.8166541280864198,0.9998409748077393,0.9981567859649658,0.0,0.0,0.0,3.6888725757598877
0039:0038,frost,all,1.0,0.9999123215675354,0.9988560080528259,0.0,0.0,0.0,29.119762420654297
0039:0038,frost,valid,1.0,0.9999123215675354,0.9988560080528259,0.0,0.0,0.0,29.119762420654297
0039:0038,frost,nonsky,1.0,0.9999123215675354,0.9988560080528259,0.0,0.0,0.0,29.119762420654297
0039:0038,frost,textureless,4.822530864197531e-06,0.9999340176582336,0.9999274611473083,0.0,0.0,0.0,14.881250381469727
0039:0038,frost,textured,0.9999951774691358,0.9999123215675354,0.9988560080528259,0.0,0.0,0.0,29.11981964111328
0039:0038,snow,all,1.0,0.9997127056121826,0.9981512427330017,0.0,0.0,0.0,22.577407836914062
0039:0038,snow,valid,1.0,0.9997127056121826,0.9981512427330017,0.0,0.0,0.0,22.577407836914062
0039:0038,snow,nonsky,1.0,0.9997127056121826,0.9981512427330017,0.0,0.0,0.0,22.577407836914062
0039:0038,snow,textureless,2.845293209876543e-05,0.999964714050293,0.9997873306274414,0.0,0.0,0.0,44.01787567138672
0039:0038,snow,textured,0.9999715470679013,0.9997126460075378,0.9981512427330017,0.0,0.0,0.0,22.576797485351562
0039:0051,clean,all,1.0,0.9999016523361206,0.9981805086135864,0.0,0.0,0.0,6.370803356170654
0039:0051,clean,valid,0.9999995177469135,0.9999016523361206,0.9981805086135864,0.0,0.0,0.0,6.370805740356445
0039:0051,clean,nonsky,0.9999995177469135,0.9999016523361206,0.9981805086135864,0.0,0.0,0.0,6.370805740356445
0039:0051,clean,textureless,0.004171971450617284,0.9999868869781494,0.9996538758277893,0.0,0.0,0.0,10.974716186523438
0039:0051,clean,textured,0.9958280285493827,0.9999013543128967,0.9981805086135864,0.0,0.0,0.0,6.35151481628418
0039:0051,fog,all,1.0,0.9998533725738525,0.998130738735199,0.0,0.0,0.0,3.096376419067383
0039:0051,fog,valid,0.9999995177469135,0.9998533725738525,0.998130738735199,0.0,0.0,0.0,3.09637713432312
0039:0051,fog,nonsky,0.9999995177469135,0.9998533725738525,0.998130738735199,0.0,0.0,0.0,3.09637713432312
0039:0051,fog,textureless,0.18278211805555555,0.9998745322227478,0.9984471201896667,0.0,0.0,0.0,2.3035058975219727
0039:0051,fog,textured,0.8172178819444444,0.9998481869697571,0.998130738735199,0.0,0.0,0.0,3.273714303970337
0039:0051,frost,all,1.0,0.9998556971549988,0.9980753660202026,0.0,0.0,0.0,21.128171920776367
0039:0051,frost,valid,0.9999995177469135,0.9998556971549988,0.9980753660202026,0.0,0.0,0.0,21.12818717956543
0039:0051,frost,nonsky,0.9999995177469135,0.9998556971549988,0.9980753660202026,0.0,0.0,0.0,21.12818717956543
0039:0051,frost,textureless,0.008381558641975309,0.9998207688331604,0.9986112713813782,0.0,0.0,0.0,18.57103729248047
0039:0051,frost,textured,0.9916184413580247,0.9998564720153809,0.9980753660202026,0.0,0.0,0.0,21.149791717529297
0039:0051,snow,all,1.0,0.9997067451477051,0.9982157945632935,0.0,0.0,0.0,15.252727508544922
0039:0051,snow,valid,0.9999995177469135,0.9997067451477051,0.9982157945632935,0.0,0.0,0.0,15.252737045288086
0039:0051,snow,nonsky,0.9999995177469135,0.9997067451477051,0.9982157945632935,0.0,0.0,0.0,15.252737045288086
0039:0051,snow,textureless,1.253858024691358e-05,0.999710202217102,0.9991850852966309,0.0,0.0,0.0,5.955228328704834
0039:0051,snow,textured,0.999987461419753,0.9997068047523499,0.9982157945632935,0.0,0.0,0.0,15.252845764160156
0039:0063,clean,all,1.0,0.9999019503593445,0.9981544017791748,0.0,0.0,0.0,6.24822998046875
0039:0063,clean,valid,1.0,0.9999019503593445,0.9981544017791748,0.0,0.0,0.0,6.24822998046875
0039:0063,clean,nonsky,1.0,0.9999019503593445,0.9981544017791748,0.0,0.0,0.0,6.24822998046875
0039:0063,clean,textureless,0.004308931327160494,0.9999859929084778,0.9995366334915161,0.0,0.0,0.0,12.110258102416992
0039:0063,clean,textured,0.9956910686728395,0.9999014735221863,0.9981544017791748,0.0,0.0,0.0,6.222859859466553
0039:0063,fog,all,1.0,0.9998266100883484,0.993931770324707,0.0,0.0,0.0,3.1941356658935547
0039:0063,fog,valid,1.0,0.9998266100883484,0.993931770324707,0.0,0.0,0.0,3.1941356658935547
0039:0063,fog,nonsky,1.0,0.9998266100883484,0.993931770324707,0.0,0.0,0.0,3.1941356658935547
0039:0063,fog,textureless,0.18194203317901234,0.9997346997261047,0.993931770324707,0.0,0.0,0.0,2.6622543334960938
0039:0063,fog,textured,0.8180579668209876,0.9998469352722168,0.998119056224823,0.0,0.0,0.0,3.3124303817749023
0039:0063,frost,all,1.0,0.9992132782936096,0.9977836608886719,0.0,0.0,0.0,2.545957565307617
0039:0063,frost,valid,1.0,0.9992132782936096,0.9977836608886719,0.0,0.0,0.0,2.545957565307617
0039:0063,frost,nonsky,1.0,0.9992132782936096,0.9977836608886719,0.0,0.0,0.0,2.545957565307617
0039:0063,frost,textureless,1.54320987654321e-05,0.9992108345031738,0.9991068243980408,0.0,0.0,0.0,2.96893310546875
0039:0063,frost,textured,0.9999845679012346,0.9992132186889648,0.9977836608886719,0.0,0.0,0.0,2.5459489822387695
0039:0063,snow,all,1.0,0.9996144771575928,0.9979347586631775,0.0,0.0,0.0,17.723703384399414
0039:0063,snow,valid,1.0,0.9996144771575928,0.9979347586631775,0.0,0.0,0.0,17.723703384399414
0039:0063,snow,nonsky,1.0,0.9996144771575928,0.9979347586631775,0.0,0.0,0.0,17.723703384399414
0039:0063,snow,textureless,2.507716049382716e-05,0.9996880888938904,0.9993520975112915,0.0,0.0,0.0,11.545259475708008
0039:0063,snow,textured,0.9999749228395062,0.9996146559715271,0.9979347586631775,0.0,0.0,0.0,17.72385025024414
0039:0076,clean,all,1.0,0.9999040365219116,0.9981108903884888,0.0,0.0,0.0,5.926461696624756
0039:0076,clean,valid,1.0,0.9999040365219116,0.9981108903884888,0.0,0.0,0.0,5.926461696624756
0039:0076,clean,nonsky,1.0,0.9999040365219116,0.9981108903884888,0.0,0.0,0.0,5.926461696624756
0039:0076,clean,textureless,0.004383198302469136,0.9999752640724182,0.9994655251502991,0.0,0.0,0.0,10.117855072021484
0039:0076,clean,textured,0.9956168016975309,0.9999035000801086,0.9981108903884888,0.0,0.0,0.0,5.908007621765137
0039:0076,fog,all,1.0,0.9998356699943542,0.9943782091140747,0.0,0.0,0.0,2.836092710494995
0039:0076,fog,valid,1.0,0.9998356699943542,0.9943782091140747,0.0,0.0,0.0,2.836092710494995
0039:0076,fog,nonsky,1.0,0.9998356699943542,0.9943782091140747,0.0,0.0,0.0,2.836092710494995
0039:0076,fog,textureless,0.1811033950617284,0.9997795820236206,0.9943782091140747,0.0,0.0,0.0,1.6531152725219727
0039:0076,fog,textured,0.8188966049382717,0.9998483061790466,0.9978390336036682,0.0,0.0,0.0,3.097715139389038
0039:0076,frost,all,1.0,0.9993774890899658,0.9980612993240356,0.0,0.0,0.0,2.7145302295684814
0039:0076,frost,valid,1.0,0.9993774890899658,0.9980612993240356,0.0,0.0,0.0,2.7145302295684814
0039:0076,frost,nonsky,1.0,0.9993774890899658,0.9980612993240356,0.0,0.0,0.0,2.7145302295684814
0039:0076,frost,textureless,2.507716049382716e-05,0.9994433522224426,0.9994146823883057,0.0,0.0,0.0,4.169095516204834
0039:0076,frost,textured,0.9999749228395062,0.9993772506713867,0.9980612993240356,0.0,0.0,0.0,2.714494466781616
0039:0076,snow,all,1.0,0.9996371269226074,0.9981130957603455,0.0,0.0,0.0,10.730023384094238
0039:0076,snow,valid,1.0,0.9996371269226074,0.9981130957603455,0.0,0.0,0.0,10.730023384094238
0039:0076,snow,nonsky,1.0,0.9996371269226074,0.9981130957603455,0.0,0.0,0.0,10.730023384094238
0039:0076,snow,textureless,2.3148148148148147e-05,0.9995472431182861,0.9993380308151245,0.0,0.0,0.0,4.8614501953125
0039:0076,snow,textured,0.9999768518518518,0.999636709690094,0.9981130957603455,0.0,0.0,0.0,10.730158805847168
0045:0001,clean,all,1.0,0.9992272257804871,0.991969645023346,0.0,0.0,0.0,9.434700965881348
0045:0001,clean,valid,1.0,0.9992272257804871,0.991969645023346,0.0,0.0,0.0,9.434700965881348
0045:0001,clean,sky,0.4196677276234568,0.998299241065979,0.991969645023346,0.0,0.0,0.0,6.346675872802734
0045:0001,clean,nonsky,0.5803322723765432,0.9998988509178162,0.9956275820732117,0.0,0.0,0.0,11.667803764343262
0045:0001,clean,textureless,0.2499975887345679,0.9972871541976929,0.991969645023346,0.0,0.0,0.0,1.597641110420227
0045:0001,clean,textured,0.7500024112654321,0.9998738169670105,0.9934183955192566,0.0,0.0,0.0,12.047019004821777
0045:0001,fog,all,1.0,0.9985195398330688,0.9930485486984253,0.0,0.0,0.0,23.003032684326172
0045:0001,fog,valid,1.0,0.9985195398330688,0.9930485486984253,0.0,0.0,0.0,23.003032684326172
0045:0001,fog,sky,0.4196677276234568,0.9965725541114807,0.9930485486984253,0.0,0.0,0.0,1.7383369207382202
0045:0001,fog,nonsky,0.5803322723765432,0.9999279379844666,0.9976128339767456,0.0,0.0,0.0,38.38060760498047
0045:0001,fog,textureless,0.4788319830246914,0.9970461130142212,0.9930485486984253,0.0,0.0,0.0,5.217700958251953
0045:0001,fog,textured,0.5211680169753087,0.9998734593391418,0.9943674206733704,0.0,0.0,0.0,39.343605041503906
0045:0001,frost,all,1.0,0.9998494386672974,0.9985970258712769,0.0,0.0,0.0,20.96719741821289
0045:0001,frost,valid,1.0,0.9998494386672974,0.9985970258712769,0.0,0.0,0.0,20.96719741821289
0045:0001,frost,sky,0.4196677276234568,0.9998565316200256,0.9989078640937805,0.0,0.0,0.0,32.69288635253906
0045:0001,frost,nonsky,0.5803322723765432,0.9998436570167542,0.9985970258712769,0.0,0.0,0.0,12.487751960754395
0045:0001,frost,textureless,0.0017091049382716049,0.9997797608375549,0.9991806149482727,0.0,0.0,0.0,21.52839469909668
0045:0001,frost,textured,0.9982908950617284,0.9998494982719421,0.9985970258712769,0.0,0.0,0.0,20.966228485107422
0045:0001,snow,all,1.0,0.9995960593223572,0.9960086941719055,0.0,0.0,0.0,14.664868354797363
0045:0001,snow,valid,1.0,0.9995960593223572,0.9960086941719055,0.0,0.0,0.0,14.664868354797363
0045:0001,snow,sky,0.4196677276234568,0.9991902112960815,0.9960086941719055,0.0,0.0,0.0,9.217761993408203
0045:0001,snow,nonsky,0.5803322723765432,0.9998896718025208,0.9980781078338623,0.0,0.0,0.0,18.603954315185547
0045:0001,snow,textureless,0.015870466820987653,0.9987959265708923,0.9960086941719055,0.0,0.0,0.0,8.545506477355957
0045:0001,snow,textured,0.9841295331790123,0.9996088147163391,0.9960622191429138,0.0,0.0,0.0,14.763558387756348
0045:0033,clean,all,1.0,0.9991639256477356,0.9915193915367126,0.0,0.0,0.0,9.054768562316895
0045:0033,clean,valid,1.0,0.9991639256477356,0.9915193915367126,0.0,0.0,0.0,9.054768562316895
0045:0033,clean,sky,0.44905285493827163,0.998262882232666,0.9915193915367126,0.0,0.0,0.0,5.437076568603516
0045:0033,clean,nonsky,0.5509471450617284,0.9998985528945923,0.9954659342765808,0.0,0.0,0.0,12.00339412689209
0045:0033,clean,textureless,0.2526104359567901,0.9970489144325256,0.9915193915367126,0.0,0.0,0.0,0.613310694694519
0045:0033,clean,textured,0.7473895640432099,0.9998782873153687,0.9951577186584473,0.0,0.0,0.0,11.90789794921875
0045:0033,fog,all,1.0,0.9987185597419739,0.9928069710731506,0.0,0.0,0.0,20.094802856445312
0045:0033,fog,valid,1.0,0.9987185597419739,0.9928069710731506,0.0,0.0,0.0,20.094802856445312
0045:0033,fog,sky,0.44905285493827163,0.9972535371780396,0.9928069710731506,0.0,0.0,0.0,1.7111248970031738
0045:0033,fog,nonsky,0.5509471450617284,0.9999122619628906,0.9965466260910034,0.0,0.0,0.0,35.07853317260742
0045:0033,fog,textureless,0.474291087962963,0.9974673986434937,0.9928069710731506,0.0,0.0,0.0,3.6405258178710938
0045:0033,fog,textured,0.5257089120370371,0.9998471736907959,0.9942144155502319,0.0,0.0,0.0,34.939754486083984
0045:0033,frost,all,1.0,0.9997841119766235,0.9984618425369263,0.0,0.0,0.0,14.06037425994873
0045:0033,frost,valid,1.0,0.9997841119766235,0.9984618425369263,0.0,0.0,0.0,14.06037425994873
0045:0033,frost,sky,0.44905285493827163,0.9997696280479431,0.9984618425369263,0.0,0.0,0.0,21.267702102661133
0045:0033,frost,nonsky,0.5509471450617284,0.9997959136962891,0.9989180564880371,0.0,0.0,0.0,8.18600082397461
0045:0033,frost,textureless,0.0005516975308641975,0.9996830821037292,0.9992293119430542,0.0,0.0,0.0,15.838430404663086
0045:0033,frost,textured,0.9994483024691359,0.9997841715812683,0.9984618425369263,0.0,0.0,0.0,14.059388160705566
0045:0033,snow,all,1.0,0.9993622303009033,0.9960359930992126,0.0,0.0,0.0,8.81096076965332
0045:0033,snow,valid,1.0,0.9993622303009033,0.9960359930992126,0.0,0.0,0.0,8.81096076965332
0045:0033,snow,sky,0.44905285493827163,0.9987878203392029,0.9960359930992126,0.0,0.0,0.0,3.611678123474121
0045:0033,snow,nonsky,0.5509471450617284,0.9998299479484558,0.9973118901252747,0.0,0.0,0.0,13.048665046691895
0045:0033,snow,textureless,0.015218460648148148,0.998383104801178,0.9960924386978149,0.0,0.0,0.0,1.9517710208892822
0045:0033,snow,textured,0.9847815393518519,0.9993769526481628,0.9960359930992126,0.0,0.0,0.0,8.916962623596191
0045:0066,clean,all,1.0,0.9991755485534668,0.9919143319129944,0.0,0.0,0.0,9.209962844848633
0045:0066,clean,valid,1.0,0.9991755485534668,0.9919143319129944,0.0,0.0,0.0,9.209962844848633
0045:0066,clean,sky,0.4617867476851852,0.9983207583427429,0.9919143319129944,0.0,0.0,0.0,4.09501314163208
0045:0066,clean,nonsky,0.5382132523148148,0.9999082684516907,0.9972729086875916,0.0,0.0,0.0,13.598589897155762
0045:0066,clean,textureless,0.2606500771604938,0.99714595079422,0.9919143319129944,0.0,0.0,0.0,0.38654083013534546
0045:0066,clean,textured,0.7393499228395062,0.9998903274536133,0.9960395693778992,0.0,0.0,0.0,12.320569038391113
0045:0066,fog,all,1.0,0.9985731840133667,0.9908096790313721,0.0,0.0,0.0,17.988021850585938
0045:0066,fog,valid,1.0,0.9985731840133667,0.9908096790313721,0.0,0.0,0.0,17.988021850585938
0045:0066,fog,sky,0.4617867476851852,0.997020959854126,0.9908096790313721,0.0,0.0,0.0,2.999570608139038
0045:0066,fog,nonsky,0.5382132523148148,0.9999040365219116,0.9930164217948914,0.0,0.0,0.0,30.848119735717773
0045:0066,fog,textureless,0.4803616898148148,0.9972317218780518,0.9908096790313721,0.0,0.0,0.0,4.9171600341796875
0045:0066,fog,textured,0.5196383101851851,0.9998121857643127,0.9919368624687195,0.0,0.0,0.0,30.07093048095703
0045:0066,frost,all,1.0,0.9998397827148438,0.9989553689956665,0.0,0.0,0.0,20.349811553955078
0045:0066,frost,valid,1.0,0.9998397827148438,0.9989553689956665,0.0,0.0,0.0,20.349811553955078
0045:0066,frost,sky,0.4617867476851852,0.9998826384544373,0.9989821910858154,0.0,0.0,0.0,33.98796463012695
0045:0066,frost,nonsky,0.5382132523148148,0.9998028874397278,0.9989553689956665,0.0,0.0,0.0,8.648283958435059
0045:0066,frost,textureless,0.0017963927469135802,0.9999202489852905,0.9991539716720581,0.0,0.0,0.0,36.375404357910156
0045:0066,frost,textured,0.9982036072530864,0.9998396039009094,0.9989553689956665,0.0,0.0,0.0,20.320972442626953
0045:0066,snow,all,1.0,0.9994952082633972,0.9969024062156677,0.0,0.0,0.0,6.841127872467041
0045:0066,snow,valid,1.0,0.9994952082633972,0.9969024062156677,0.0,0.0,0.0,6.841127872467041
0045:0066,snow,sky,0.4617867476851852,0.999090850353241,0.9969024062156677,0.0,0.0,0.0,4.019038677215576
0045:0066,snow,nonsky,0.5382132523148148,0.9998424053192139,0.997859537601471,0.0,0.0,0.0,9.262474060058594
0045:0066,snow,textureless,0.016781925154320986,0.9988099932670593,0.9969541430473328,0.0,0.0,0.0,1.1669096946716309
0045:0066,snow,textured,0.983218074845679,0.9995068311691284,0.9969024062156677,0.0,0.0,0.0,6.937978267669678
0045:0099,clean,all,1.0,0.9991846680641174,0.9922116994857788,0.0,0.0,0.0,9.62893009185791
0045:0099,clean,valid,1.0,0.9991846680641174,0.9922116994857788,0.0,0.0,0.0,9.62893009185791
0045:0099,clean,sky,0.47347752700617285,0.9983717203140259,0.9922116994857788,0.0,0.0,0.0,2.9165632724761963
0045:0099,clean,nonsky,0.5265224729938272,0.9999144673347473,0.9966446161270142,0.0,0.0,0.0,15.665043830871582
0045:0099,clean,textureless,0.26935185185185184,0.9972547292709351,0.9922116994857788,0.0,0.0,0.0,0.386281818151474
0045:0099,clean,textured,0.7306481481481482,0.9998955726623535,0.9948630332946777,0.0,0.0,0.0,13.03620433807373
0045:0099,fog,all,1.0,0.9982748627662659,0.9921003580093384,0.0,0.0,0.0,12.720563888549805
0045:0099,fog,valid,1.0,0.9982748627662659,0.9921003580093384,0.0,0.0,0.0,12.720563888549805
0045:0099,fog,sky,0.47347752700617285,0.9964752197265625,0.9921003580093384,0.0,0.0,0.0,1.4922124147415161
0045:0099,fog,nonsky,0.5265224729938272,0.9998931884765625,0.9943656921386719,0.0,0.0,0.0,22.817691802978516
0045:0099,fog,textureless,0.49411988811728397,0.996711015701294,0.9921003580093384,0.0,0.0,0.0,3.3364968299865723
0045:0099,fog,textured,0.5058801118827161,0.9998021721839905,0.9923612475395203,0.0,0.0,0.0,21.886472702026367
0045:0099,frost,all,1.0,0.9996958374977112,0.9980144500732422,0.0,0.0,0.0,16.401947021484375
0045:0099,frost,valid,1.0,0.9996958374977112,0.9980144500732422,0.0,0.0,0.0,16.401947021484375
0045:0099,frost,sky,0.47347752700617285,0.9994897246360779,0.9980144500732422,0.0,0.0,0.0,6.233790397644043
0045:0099,frost,nonsky,0.5265224729938272,0.9998817443847656,0.998452365398407,0.0,0.0,0.0,25.545703887939453
0045:0099,frost,textureless,0.0004224537037037037,0.9992019534111023,0.9984062314033508,0.0,0.0,0.0,5.727622032165527
0045:0099,frost,textured,0.9995775462962962,0.9996962547302246,0.9980144500732422,0.0,0.0,0.0,16.40645408630371
0045:0099,snow,all,1.0,0.999584436416626,0.9968577027320862,0.0,0.0,0.0,7.68137264251709
0045:0099,snow,valid,1.0,0.999584436416626,0.9968577027320862,0.0,0.0,0.0,7.68137264251709
0045:0099,snow,sky,0.47347752700617285,0.9992923736572266,0.9968577027320862,0.0,0.0,0.0,4.6679887771606445
0045:0099,snow,nonsky,0.5265224729938272,0.9998464584350586,0.9977144598960876,0.0,0.0,0.0,10.391169548034668
0045:0099,snow,textureless,0.016825327932098764,0.9989930987358093,0.9969351887702942,0.0,0.0,0.0,0.6199339628219604
0045:0099,snow,textured,0.9831746720679012,0.9995946288108826,0.9968577027320862,0.0,0.0,0.0,7.802216053009033
0045:0131,clean,all,1.0,0.9991784691810608,0.9919053316116333,0.0,0.0,0.0,8.453619956970215
0045:0131,clean,valid,0.9999995177469135,0.9991784691810608,0.9919053316116333,0.0,0.0,0.0,8.45362377166748
0045:0131,clean,sky,0.48008005401234566,0.9983822703361511,0.9919053316116333,0.0,0.0,0.0,2.3223843574523926
0045:0131,clean,nonsky,0.5199194637345679,0.9999145269393921,0.9970617294311523,0.0,0.0,0.0,14.1150484085083
0045:0131,clean,textureless,0.2771368634259259,0.9973059296607971,0.9919053316116333,0.0,0.0,0.0,0.42776134610176086
0045:0131,clean,textured,0.7228631365740741,0.9998963475227356,0.9967100620269775,0.0,0.0,0.0,11.53063678741455
0045:0131,fog,all,1.0,0.998999297618866,0.9930272102355957,0.0,0.0,0.0,11.732590675354004
0045:0131,fog,valid,0.9999995177469135,0.9989993572235107,0.9930272102355957,0.0,0.0,0.0,11.732595443725586
0045:0131,fog,sky,0.48008005401234566,0.9980381727218628,0.9930272102355957,0.0,0.0,0.0,2.156205892562866
0045:0131,fog,nonsky,0.5199194637345679,0.9998875260353088,0.9949042201042175,0.0,0.0,0.0,20.57518768310547
0045:0131,fog,textureless,0.4941208526234568,0.998153030872345,0.9930272102355957,0.0,0.0,0.0,3.2852675914764404
0045:0131,fog,textured,0.5058791473765432,0.9998263716697693,0.9943610429763794,0.0,0.0,0.0,19.983577728271484
0045:0131,frost,all,1.0,0.9997532367706299,0.997613787651062,0.0,0.0,0.0,10.881875038146973
0045:0131,frost,valid,0.9999995177469135,0.9997531771659851,0.997613787651062,0.0,0.0,0.0,10.881864547729492
0045:0131,frost,sky,0.48008005401234566,0.999655544757843,0.997613787651062,0.0,0.0,0.0,11.997339248657227
0045:0131,frost,nonsky,0.5199194637345679,0.9998431205749512,0.997694730758667,0.0,0.0,0.0,9.851863861083984
0045:0131,frost,textureless,0.19082899305555556,0.9994943141937256,0.9978298544883728,0.0,0.0,0.0,6.421927452087402
0045:0131,frost,textured,0.8091710069444444,0.9998140335083008,0.997613787651062,0.0,0.0,0.0,11.93367862701416
0045:0131,snow,all,1.0,0.999366283416748,0.996467649936676,0.0,0.0,0.0,7.9901275634765625
0045:0131,snow,valid,0.9999995177469135,0.999366283416748,0.996467649936676,0.0,0.0,0.0,7.990134239196777
0045:0131,snow,sky,0.48008005401234566,0.998831570148468,0.996467649936676,0.0,0.0,0.0,2.775707244873047
0045:0131,snow,nonsky,0.5199194637345679,0.9998599290847778,0.9976747035980225,0.0,0.0,0.0,12.8049955368042
0045:0131,snow,textureless,0.01747685185185185,0.9989112019538879,0.9966748356819153,0.0,0.0,0.0,1.1458995342254639
0045:0131,snow,textured,0.9825231481481481,0.9993746876716614,0.996467649936676,0.0,0.0,0.0,8.111871719360352
0045:0164,clean,all,1.0,0.9991771578788757,0.9919695258140564,0.0,0.0,0.0,8.530949592590332
0045:0164,clean,valid,0.9999995177469135,0.9991771578788757,0.9919695258140564,0.0,0.0,0.0,8.530943870544434
0045:0164,clean,sky,0.48366657021604936,0.9983835220336914,0.9919695258140564,0.0,0.0,0.0,2.072262763977051
0045:0164,clean,nonsky,0.5163329475308642,0.9999202489852905,0.9972243309020996,0.0,0.0,0.0,14.581011772155762
0045:0164,clean,textureless,0.27687114197530865,0.9972947835922241,0.9919695258140564,0.0,0.0,0.0,0.3797401487827301
0045:0164,clean,textured,0.7231288580246914,0.9998975396156311,0.9955881834030151,0.0,0.0,0.0,11.65187931060791
0045:0164,fog,all,1.0,0.9988932013511658,0.9914581179618835,0.0,0.0,0.0,18.894149780273438
0045:0164,fog,valid,0.9999995177469135,0.9988932013511658,0.9914581179618835,0.0,0.0,0.0,18.89415740966797
0045:0164,fog,sky,0.48366657021604936,0.9978375434875488,0.9914581179618835,0.0,0.0,0.0,11.566547393798828
0045:0164,fog,nonsky,0.5163329475308642,0.9998816251754761,0.9940308332443237,0.0,0.0,0.0,25.75817108154297
0045:0164,fog,textureless,0.4948992091049383,0.9979865550994873,0.9914581179618835,0.0,0.0,0.0,12.751709938049316
0045:0164,fog,textured,0.5051007908950618,0.9997811317443848,0.9931753277778625,0.0,0.0,0.0,24.91254425048828
0045:0164,frost,all,1.0,0.9997305870056152,0.9975453615188599,0.0,0.0,0.0,11.971449851989746
0045:0164,frost,valid,0.9999995177469135,0.9997305870056152,0.9975453615188599,0.0,0.0,0.0,11.971454620361328
0045:0164,frost,sky,0.48366657021604936,0.9996007680892944,0.9975453615188599,0.0,0.0,0.0,11.483053207397461
0045:0164,frost,nonsky,0.5163329475308642,0.9998520612716675,0.9988778829574585,0.0,0.0,0.0,12.428951263427734
0045:0164,frost,textureless,0.18304542824074074,0.9993588924407959,0.9975453615188599,0.0,0.0,0.0,5.776790142059326
0045:0164,frost,textured,0.8169545717592592,0.9998137354850769,0.9980737566947937,0.0,0.0,0.0,13.359418869018555
0045:0164,snow,all,1.0,0.9994686245918274,0.9971542954444885,0.0,0.0,0.0,8.502230644226074
0045:0164,snow,valid,0.9999995177469135,0.9994686245918274,0.9971542954444885,0.0,0.0,0.0,8.50223445892334
0045:0164,snow,sky,0.48366657021604936,0.9990453124046326,0.9971542954444885,0.0,0.0,0.0,3.6815168857574463
0045:0164,snow,nonsky,0.5163329475308642,0.9998655319213867,0.9978392124176025,0.0,0.0,0.0,13.017963409423828
0045:0164,snow,textureless,0.017820698302469136,0.9991021156311035,0.9972162246704102,0.0,0.0,0.0,1.0548175573349
0045:0164,snow,textured,0.9821793016975309,0.9994750618934631,0.9971542954444885,0.0,0.0,0.0,8.637359619140625
0045:0197,clean,all,1.0,0.9988804459571838,0.9924769401550293,0.0,0.0,0.0,12.975558280944824
0045:0197,clean,valid,1.0,0.9988804459571838,0.9924769401550293,0.0,0.0,0.0,12.975558280944824
0045:0197,clean,sky,0.4473615933641975,0.9975920915603638,0.9924769401550293,0.0,0.0,0.0,4.4059271812438965
0045:0197,clean,nonsky,0.5526384066358024,0.9999229907989502,0.997596263885498,0.0,0.0,0.0,19.912689208984375
0045:0197,clean,textureless,0.2758376736111111,0.9962049126625061,0.9924769401550293,0.0,0.0,0.0,1.2074902057647705
0045:0197,clean,textured,0.7241623263888889,0.9998992681503296,0.9939175248146057,0.0,0.0,0.0,17.458086013793945
0045:0197,fog,all,1.0,0.9986526370048523,0.9916959404945374,0.0,0.0,0.0,26.296611785888672
0045:0197,fog,valid,1.0,0.9986526370048523,0.9916959404945374,0.0,0.0,0.0,26.296611785888672
0045:0197,fog,sky,0.4473615933641975,0.9971513152122498,0.9916959404945374,0.0,0.0,0.0,18.615005493164062
0045:0197,fog,nonsky,0.5526384066358024,0.9998680949211121,0.9958747625350952,0.0,0.0,0.0,32.514862060546875
0045:0197,fog,textureless,0.5145674189814815,0.9975728988647461,0.9916959404945374,0.0,0.0,0.0,20.474040985107422
0045:0197,fog,textured,0.4854325810185185,0.9997970461845398,0.9917386174201965,0.0,0.0,0.0,32.46862030029297
0045:0197,frost,all,1.0,0.9998260140419006,0.9978757500648499,0.0,0.0,0.0,17.339282989501953
0045:0197,frost,valid,1.0,0.9998260140419006,0.9978757500648499,0.0,0.0,0.0,17.339282989501953
0045:0197,frost,sky,0.4473615933641975,0.9997832179069519,0.9978757500648499,0.0,0.0,0.0,20.883621215820312
0045:0197,frost,nonsky,0.5526384066358024,0.9998607039451599,0.9986536502838135,0.0,0.0,0.0,14.470141410827637
0045:0197,frost,textureless,0.18583092206790122,0.9997094869613647,0.9978757500648499,0.0,0.0,0.0,17.705148696899414
0045:0197,frost,textured,0.8141690779320988,0.9998525977134705,0.9981631636619568,0.0,0.0,0.0,17.255775451660156
0045:0197,snow,all,1.0,0.9996400475502014,0.9957728981971741,0.0,0.0,0.0,11.53807258605957
0045:0197,snow,valid,1.0,0.9996400475502014,0.9957728981971741,0.0,0.0,0.0,11.53807258605957
0045:0197,snow,sky,0.4473615933641975,0.9993631839752197,0.9957728981971741,0.0,0.0,0.0,10.841946601867676
0045:0197,snow,nonsky,0.5526384066358024,0.9998642206192017,0.9988752603530884,0.0,0.0,0.0,12.101581573486328
0045:0197,snow,textureless,0.01682098765432099,0.9985109567642212,0.9957728981971741,0.0,0.0,0.0,3.088325023651123
0045:0197,snow,textured,0.9831790123456791,0.9996592998504639,0.9963489770889282,0.0,0.0,0.0,11.682633399963379
0047:0001,clean,all,1.0,0.9998814463615417,0.9985097050666809,0.0,0.0,0.0,14.980432510375977
0047:0001,clean,valid,1.0,0.9998814463615417,0.9985097050666809,0.0,0.0,0.0,14.980432510375977
0047:0001,clean,nonsky,1.0,0.9998814463615417,0.9985097050666809,0.0,0.0,0.0,14.980432510375977
0047:0001,clean,textureless,2.9899691358024692e-05,0.999770998954773,0.9997096061706543,0.0,0.0,0.0,5.207850456237793
0047:0001,clean,textured,0.999970100308642,0.9998814463615417,0.9985097050666809,0.0,0.0,0.0,14.980720520019531
0047:0001,fog,all,1.0,0.9996813535690308,0.9981487989425659,0.0,0.0,0.0,8.405152320861816
0047:0001,fog,valid,1.0,0.9996813535690308,0.9981487989425659,0.0,0.0,0.0,8.405152320861816
0047:0001,fog,nonsky,1.0,0.9996813535690308,0.9981487989425659,0.0,0.0,0.0,8.405152320861816
0047:0001,fog,textureless,0.1605126350308642,0.9996998310089111,0.9981487989425659,0.0,0.0,0.0,4.282443046569824
0047:0001,fog,textured,0.8394873649691358,0.9996783137321472,0.998172402381897,0.0,0.0,0.0,9.193428993225098
0047:0001,frost,all,1.0,0.9999105930328369,0.9985927939414978,0.0,0.0,0.0,23.626291275024414
0047:0001,frost,valid,1.0,0.9999105930328369,0.9985927939414978,0.0,0.0,0.0,23.626291275024414
0047:0001,frost,nonsky,1.0,0.9999105930328369,0.9985927939414978,0.0,0.0,0.0,23.626291275024414
0047:0001,frost,textureless,1.9290123456790123e-05,0.9999426603317261,0.999933660030365,0.0,0.0,0.0,20.052343368530273
0047:0001,frost,textured,0.9999807098765432,0.9999107122421265,0.9985927939414978,0.0,0.0,0.0,23.626358032226562
0047:0001,snow,all,1.0,0.9999148845672607,0.9989534616470337,0.0,0.0,0.0,26.842538833618164
0047:0001,snow,valid,1.0,0.9999148845672607,0.9989534616470337,0.0,0.0,0.0,26.842538833618164
0047:0001,snow,nonsky,1.0,0.9999148845672607,0.9989534616470337,0.0,0.0,0.0,26.842538833618164
0047:0001,snow,textureless,0.0004914158950617284,0.9998735189437866,0.9996512532234192,0.0,0.0,0.0,6.778942108154297
0047:0001,snow,textured,0.9995085841049383,0.9999145865440369,0.9989534616470337,0.0,0.0,0.0,26.85240936279297
0047:0045,clean,all,1.0,0.9999144673347473,0.9984595775604248,0.0,0.0,0.0,19.65735626220703
0047:0045,clean,valid,1.0,0.9999144673347473,0.9984595775604248,0.0,0.0,0.0,19.65735626220703
0047:0045,clean,nonsky,1.0,0.9999144673347473,0.9984595775604248,0.0,0.0,0.0,19.65735626220703
0047:0045,clean,textureless,0.00024305555555555555,0.9999756217002869,0.9996631145477295,0.0,0.0,0.0,27.92176628112793
0047:0045,clean,textured,0.9997569444444444,0.9999141693115234,0.9984595775604248,0.0,0.0,0.0,19.655353546142578
0047:0045,fog,all,1.0,0.99965500831604,0.9981611371040344,0.0,0.0,0.0,7.388256549835205
0047:0045,fog,valid,1.0,0.99965500831604,0.9981611371040344,0.0,0.0,0.0,7.388256549835205
0047:0045,fog,nonsky,1.0,0.99965500831604,0.9981611371040344,0.0,0.0,0.0,7.388256549835205
0047:0045,fog,textureless,0.1486501736111111,0.999680757522583,0.9983085989952087,0.0,0.0,0.0,4.553883075714111
0047:0045,fog,textured,0.8513498263888889,0.999650776386261,0.9981611371040344,0.0,0.0,0.0,7.88315486907959
0047:0045,frost,all,1.0,0.9994323253631592,0.9980280995368958,0.0,0.0,0.0,8.537315368652344
0047:0045,frost,valid,1.0,0.9994323253631592,0.9980280995368958,0.0,0.0,0.0,8.537315368652344
0047:0045,frost,nonsky,1.0,0.9994323253631592,0.9980280995368958,0.0,0.0,0.0,8.537315368652344
0047:0045,frost,textured,1.0,0.9994323253631592,0.9980280995368958,0.0,0.0,0.0,8.537315368652344
0047:0045,snow,all,1.0,0.9999099373817444,0.9987848997116089,0.0,0.0,0.0,24.781940460205078
0047:0045,snow,valid,1.0,0.9999099373817444,0.9987848997116089,0.0,0.0,0.0,24.781940460205078
0047:0045,snow,nonsky,1.0,0.9999099373817444,0.9987848997116089,0.0,0.0,0.0,24.781940460205078
0047:0045,snow,textureless,0.0017934992283950618,0.9998648166656494,0.9996055960655212,0.0,0.0,0.0,8.09304141998291
0047:0045,snow,textured,0.9982065007716049,0.9999104142189026,0.9987848997116089,0.0,0.0,0.0,24.811933517456055
0047:0089,clean,all,1.0,0.9999598860740662,0.9989333152770996,0.0,0.0,0.0,30.117799758911133
0047:0089,clean,valid,1.0,0.9999598860740662,0.9989333152770996,0.0,0.0,0.0,30.117799758911133
0047:0089,clean,nonsky,1.0,0.9999598860740662,0.9989333152770996,0.0,0.0,0.0,30.117799758911133
0047:0089,clean,textureless,0.0006920331790123456,0.9999644160270691,0.9999351501464844,0.0,0.0,0.0,23.07696533203125
0047:0089,clean,textured,0.9993079668209877,0.9999597668647766,0.9989333152770996,0.0,0.0,0.0,30.122690200805664
0047:0089,fog,all,1.0,0.9995073080062866,0.997786283493042,0.0,0.0,0.0,5.078732013702393
0047:0089,fog,valid,1.0,0.9995073080062866,0.997786283493042,0.0,0.0,0.0,5.078732013702393
0047:0089,fog,nonsky,1.0,0.9995073080062866,0.997786283493042,0.0,0.0,0.0,5.078732013702393
0047:0089,fog,textureless,0.11625819830246914,0.9996796250343323,0.9984983205795288,0.0,0.0,0.0,4.148128032684326
0047:0089,fog,textured,0.8837418016975309,0.9994847774505615,0.997786283493042,0.0,0.0,0.0,5.201153755187988
0047:0089,frost,all,1.0,0.9992874264717102,0.9978921413421631,0.0,0.0,0.0,4.1960930824279785
0047:0089,frost,valid,1.0,0.9992874264717102,0.9978921413421631,0.0,0.0,0.0,4.1960930824279785
0047:0089,frost,nonsky,1.0,0.9992874264717102,0.9978921413421631,0.0,0.0,0.0,4.1960930824279785
0047:0089,frost,textureless,0.00019386574074074073,0.9998388886451721,0.9998120665550232,0.0,0.0,0.0,14.628400802612305
0047:0089,frost,textured,0.9998061342592592,0.9992873072624207,0.9978921413421631,0.0,0.0,0.0,4.194071292877197
0047:0089,snow,all,1.0,0.9999073147773743,0.9987382292747498,0.0,0.0,0.0,27.068466186523438
0047:0089,snow,valid,1.0,0.9999073147773743,0.9987382292747498,0.0,0.0,0.0,27.068466186523438
0047:0089,snow,nonsky,1.0,0.9999073147773743,0.9987382292747498,0.0,0.0,0.0,27.068466186523438
0047:0089,snow,textureless,0.0015991512345679012,0.999797523021698,0.9990464448928833,0.0,0.0,0.0,7.110483646392822
0047:0089,snow,textured,0.9984008487654321,0.9999074339866638,0.9987382292747498,0.0,0.0,0.0,27.100421905517578
0047:0134,clean,all,1.0,0.9999067783355713,0.9948258996009827,0.0,0.0,0.0,19.487648010253906
0047:0134,clean,valid,1.0,0.9999067783355713,0.9948258996009827,0.0,0.0,0.0,19.487648010253906
0047:0134,clean,sky,0.04498167438271605,0.9996646046638489,0.9951494932174683,0.0,0.0,0.0,0.1249924823641777
0047:0134,clean,nonsky,0.955018325617284,0.9999182224273682,0.9948258996009827,0.0,0.0,0.0,20.39963150024414
0047:0134,clean,textureless,0.04023485725308642,0.9996882677078247,0.9981462359428406,0.0,0.0,0.0,0.12402384728193283
0047:0134,clean,textured,0.9597651427469136,0.9999158978462219,0.9948258996009827,0.0,0.0,0.0,20.29940414428711
0047:0134,fog,all,1.0,0.9993426203727722,0.9947502017021179,0.0,0.0,0.0,3.4163095951080322
0047:0134,fog,valid,1.0,0.9993426203727722,0.9947502017021179,0.0,0.0,0.0,3.4163095951080322
0047:0134,fog,sky,0.04498167438271605,0.9984488487243652,0.9947502017021179,0.0,0.0,0.0,0.08534665405750275
0047:0134,fog,nonsky,0.955018325617284,0.9993846416473389,0.9953345656394958,0.0,0.0,0.0,3.5731983184814453
0047:0134,fog,textureless,0.12187162422839506,0.9992000460624695,0.9947502017021179,0.0,0.0,0.0,1.6436468362808228
0047:0134,fog,textured,0.878128375771605,0.9993619322776794,0.9974302649497986,0.0,0.0,0.0,3.66232967376709
0047:0134,frost,all,1.0,0.9996330142021179,0.9969169497489929,0.0,0.0,0.0,11.11323356628418
0047:0134,frost,valid,1.0,0.9996330142021179,0.9969169497489929,0.0,0.0,0.0,11.11323356628418
0047:0134,frost,sky,0.04498167438271605,0.9994338154792786,0.9969169497489929,0.0,0.0,0.0,0.303659051656723
0047:0134,frost,nonsky,0.955018325617284,0.9996427297592163,0.9973478317260742,0.0,0.0,0.0,11.62236499786377
0047:0134,frost,textureless,0.04137538580246913,0.9993468523025513,0.9969169497489929,0.0,0.0,0.0,0.372466117143631
0047:0134,frost,textured,0.9586246141975309,0.9996456503868103,0.9971568584442139,0.0,0.0,0.0,11.57681941986084
0047:0134,snow,all,1.0,0.9998195171356201,0.9970126152038574,0.0,0.0,0.0,26.241168975830078
0047:0134,snow,valid,1.0,0.9998195171356201,0.9970126152038574,0.0,0.0,0.0,26.241168975830078
0047:0134,snow,sky,0.04498167438271605,0.9987478852272034,0.9970126152038574,0.0,0.0,0.0,1.8039230108261108
0047:0134,snow,nonsky,0.955018325617284,0.9998700618743896,0.9978810548782349,0.0,0.0,0.0,27.392162322998047
0047:0134,snow,textureless,0.0008584104938271605,0.9990743398666382,0.9970889091491699,0.0,0.0,0.0,0.6812494993209839
0047:0134,snow,textured,0.9991415895061728,0.9998201131820679,0.9970126152038574,0.0,0.0,0.0,26.263118743896484
0047:0178,clean,all,1.0,0.9997513294219971,0.9952964186668396,0.0,0.0,0.0,6.271458148956299
0047:0178,clean,valid,1.0,0.9997513294219971,0.9952964186668396,0.0,0.0,0.0,6.271458148956299
0047:0178,clean,sky,0.20906828703703703,0.9997733235359192,0.9958387017250061,0.0,0.0,0.0,0.07782632857561111
0047:0178,clean,nonsky,0.7909317129629629,0.9997457265853882,0.9952964186668396,0.0,0.0,0.0,7.908632755279541
0047:0178,clean,textureless,0.19804301697530866,0.9997840523719788,0.997995138168335,0.0,0.0,0.0,0.04628453776240349
0047:0178,clean,textured,0.8019569830246913,0.9997435212135315,0.9952964186668396,0.0,0.0,0.0,7.808762550354004
0047:0178,fog,all,1.0,0.9990706443786621,0.9949856400489807,0.0,0.0,0.0,2.2801947593688965
0047:0178,fog,valid,1.0,0.9990706443786621,0.9949856400489807,0.0,0.0,0.0,2.2801947593688965
0047:0178,fog,sky,0.20906828703703703,0.997995138168335,0.9949856400489807,0.0,0.0,0.0,0.09623362123966217
0047:0178,fog,nonsky,0.7909317129629629,0.999354362487793,0.9955134987831116,0.0,0.0,0.0,2.857485771179199
0047:0178,fog,textureless,0.25392216435185183,0.9982944130897522,0.9949856400489807,0.0,0.0,0.0,0.3676888644695282
0047:0178,fog,textured,0.7460778356481481,0.9993351697921753,0.9968168139457703,0.0,0.0,0.0,2.931103229522705
0047:0178,frost,all,1.0,0.9998631477355957,0.9980870485305786,0.0,0.0,0.0,24.87871742248535
0047:0178,frost,valid,1.0,0.9998631477355957,0.9980870485305786,0.0,0.0,0.0,24.87871742248535
0047:0178,frost,sky,0.20906828703703703,0.999767541885376,0.9981712102890015,0.0,0.0,0.0,11.903525352478027
0047:0178,frost,nonsky,0.7909317129629629,0.9998885989189148,0.9980870485305786,0.0,0.0,0.0,28.30847930908203
0047:0178,frost,textureless,0.0011000192901234568,0.999777615070343,0.998921275138855,0.0,0.0,0.0,13.766820907592773
0047:0178,frost,textured,0.9988999807098765,0.999862790107727,0.9980870485305786,0.0,0.0,0.0,24.890954971313477
0047:0178,snow,all,1.0,0.9993250966072083,0.9965770840644836,0.0,0.0,0.0,14.794512748718262
0047:0178,snow,valid,1.0,0.9993250966072083,0.9965770840644836,0.0,0.0,0.0,14.794512748718262
0047:0178,snow,sky,0.20906828703703703,0.9981526136398315,0.9965770840644836,0.0,0.0,0.0,0.7994633316993713
0047:0178,snow,nonsky,0.7909317129629629,0.9996349811553955,0.9973219037055969,0.0,0.0,0.0,18.493846893310547
0047:0178,snow,textureless,0.0021739969135802467,0.9984368085861206,0.9968375563621521,0.0,0.0,0.0,0.8544635772705078
0047:0178,snow,textured,0.9978260030864198,0.9993269443511963,0.9965770840644836,0.0,0.0,0.0,14.824884414672852
0047:0222,clean,all,1.0,0.9997338652610779,0.9949210286140442,0.0,0.0,0.0,4.548500061035156
0047:0222,clean,valid,1.0,0.9997338652610779,0.9949210286140442,0.0,0.0,0.0,4.548500061035156
0047:0222,clean,sky,0.2902469135802469,0.9998015761375427,0.9950098991394043,0.0,0.0,0.0,0.06689651310443878
0047:0222,clean,nonsky,0.7097530864197531,0.9997053742408752,0.9949210286140442,0.0,0.0,0.0,6.381209850311279
0047:0222,clean,textureless,0.2788633294753086,0.9998093247413635,0.9979696869850159,0.0,0.0,0.0,0.04404487460851669
0047:0222,clean,textured,0.7211366705246913,0.9997042417526245,0.9949210286140442,0.0,0.0,0.0,6.290371894836426
0047:0222,fog,all,1.0,0.9991375803947449,0.9944406151771545,0.0,0.0,0.0,2.100703477859497
0047:0222,fog,valid,1.0,0.9991375803947449,0.9944406151771545,0.0,0.0,0.0,2.100703477859497
0047:0222,fog,sky,0.2902469135802469,0.9985997676849365,0.9944406151771545,0.0,0.0,0.0,0.22002236545085907
0047:0222,fog,nonsky,0.7097530864197531,0.9993572235107422,0.9947200417518616,0.0,0.0,0.0,2.869791269302368
0047:0222,fog,textureless,0.33130545910493825,0.9987286329269409,0.9944406151771545,0.0,0.0,0.0,0.503096878528595
0047:0222,fog,textured,0.6686945408950618,0.999339759349823,0.9970887899398804,0.0,0.0,0.0,2.892239570617676
0047:0222,frost,all,1.0,0.9995456337928772,0.9958017468452454,0.0,0.0,0.0,7.474890232086182
0047:0222,frost,valid,1.0,0.9995456337928772,0.9958017468452454,0.0,0.0,0.0,7.474890232086182
0047:0222,frost,sky,0.2902469135802469,0.9994271993637085,0.9958017468452454,0.0,0.0,0.0,0.7538326978683472
0047:0222,frost,nonsky,0.7097530864197531,0.9995946884155273,0.9978415966033936,0.0,0.0,0.0,10.22340202331543
0047:0222,frost,textureless,0.20564863040123457,0.999380886554718,0.9958017468452454,0.0,0.0,0.0,0.737805962562561
0047:0222,frost,textured,0.7943513695987654,0.9995883703231812,0.9963861703872681,0.0,0.0,0.0,9.219042778015137
0047:0222,snow,all,1.0,0.9992061257362366,0.9963520765304565,0.0,0.0,0.0,7.607697010040283
0047:0222,snow,valid,1.0,0.9992061257362366,0.9963520765304565,0.0,0.0,0.0,7.607697010040283
0047:0222,snow,sky,0.2902469135802469,0.9984591603279114,0.9963520765304565,0.0,0.0,0.0,0.9355502724647522
0047:0222,snow,nonsky,0.7097530864197531,0.9995115399360657,0.9974708557128906,0.0,0.0,0.0,10.336210250854492
0047:0222,snow,textureless,0.0018166473765432098,0.9984555244445801,0.9967064261436462,0.0,0.0,0.0,0.79876309633255
0047:0222,snow,textured,0.9981833526234568,0.9992075562477112,0.9963520765304565,0.0,0.0,0.0,7.620089530944824
0047:0267,clean,all,1.0,0.9997203946113586,0.9952654242515564,0.0,0.0,0.0,4.047008991241455
0047:0267,clean,valid,1.0,0.9997203946113586,0.9952654242515564,0.0,0.0,0.0,4.047008991241455
0047:0267,clean,sky,0.3044714506172839,0.9997994303703308,0.9953984022140503,0.0,0.0,0.0,0.06293921917676926
0047:0267,clean,nonsky,0.695528549382716,0.9996858239173889,0.9952654242515564,0.0,0.0,0.0,5.791057109832764
0047:0267,clean,textureless,0.29312355324074074,0.9998060464859009,0.9980414509773254,0.0,0.0,0.0,0.04253736138343811
0047:0267,clean,textured,0.7068764467592593,0.9996851682662964,0.9952654242515564,0.0,0.0,0.0,5.7075605392456055
0047:0267,fog,all,1.0,0.9991698265075684,0.9950554370880127,0.0,0.0,0.0,2.668680429458618
0047:0267,fog,valid,1.0,0.9991698265075684,0.9950554370880127,0.0,0.0,0.0,2.668680429458618
0047:0267,fog,sky,0.3044714506172839,0.9987810850143433,0.9950790405273438,0.0,0.0,0.0,2.4208104610443115
0047:0267,fog,nonsky,0.695528549382716,0.999340295791626,0.9950554370880127,0.0,0.0,0.0,2.777186632156372
0047:0267,fog,textureless,0.3375853587962963,0.9988687038421631,0.9950554370880127,0.0,0.0,0.0,2.4022021293640137
0047:0267,fog,textured,0.6624146412037037,0.9993236660957336,0.9963672161102295,0.0,0.0,0.0,2.8044850826263428
0047:0267,frost,all,1.0,0.9998748898506165,0.9981814622879028,0.0,0.0,0.0,25.122652053833008
0047:0267,frost,valid,1.0,0.9998748898506165,0.9981814622879028,0.0,0.0,0.0,25.122652053833008
0047:0267,frost,sky,0.3044714506172839,0.9997976422309875,0.998199999332428,0.0,0.0,0.0,14.272567749023438
0047:0267,frost,nonsky,0.695528549382716,0.9999087452888489,0.9981814622879028,0.0,0.0,0.0,29.87232780456543
0047:0267,frost,textureless,0.0017582947530864197,0.9996076822280884,0.998380184173584,0.0,0.0,0.0,10.296758651733398
0047:0267,frost,textured,0.9982417052469136,0.9998748898506165,0.9981814622879028,0.0,0.0,0.0,25.148761749267578
0047:0267,snow,all,1.0,0.9991394281387329,0.9963512420654297,0.0,0.0,0.0,12.140138626098633
0047:0267,snow,valid,1.0,0.9991394281387329,0.9963512420654297,0.0,0.0,0.0,12.140138626098633
0047:0267,snow,sky,0.3044714506172839,0.9981204867362976,0.9963512420654297,0.0,0.0,0.0,0.937820315361023
0047:0267,snow,nonsky,0.695528549382716,0.9995856285095215,0.9974337816238403,0.0,0.0,0.0,17.044017791748047
0047:0267,snow,textureless,0.00343701774691358,0.9983164668083191,0.9964383244514465,0.0,0.0,0.0,0.9240531325340271
0047:0267,snow,textured,0.9965629822530864,0.9991419911384583,0.9963512420654297,0.0,0.0,0.0,12.178821563720703
